#EventID,Time,Latitude,Longitude,Depth/km,MagType,Magnitude,MagErr,Area,Type,Level
19339,2016-01-17 05:23:08.38,,,,D,-0.3,0.3,flegrei,earthquake,Bollettino
19338,2016-01-17 05:23:17.19,40.840172,14.13567,0.9,D,0.4,0.3,flegrei,earthquake,Bollettino
19337,2016-01-17 05:23:27.57,40.83717,14.13617,1.63,D,0.2,0.3,flegrei,earthquake,Bollettino
19336,2016-01-17 05:23:49.98,40.838329,14.136,1.66,D,0.2,0.3,flegrei,earthquake,Bollettino
19335,2016-01-26 04:55:28.52,40.824501,14.13917,0.88,D,0.7,0.3,flegrei,earthquake,Bollettino
19334,2016-02-05 13:19:03.02,40.855671,14.1465,2.41,D,0.5,0.3,flegrei,earthquake,Bollettino
19333,2016-02-06 16:42:56.56,40.825161,14.14367,0.53,D,-0.3,0.3,flegrei,earthquake,Bollettino
19332,2016-02-10 04:20:25.9,40.823002,14.14867,1.48,D,0.4,0.3,flegrei,earthquake,Bollettino
19331,2016-02-10 04:21:15.54,,,,D,-0.3,0.3,flegrei,earthquake,Bollettino
19330,2016-03-02 15:45:35.65,40.827839,14.14233,0.7,D,-0.5,0.3,flegrei,earthquake,Bollettino
19328,2016-03-21 08:42:33.74,40.824329,14.13267,1.81,D,-1.1,0.3,flegrei,earthquake,Bollettino
19327,2016-03-21 17:16:04.84,40.82267,14.13267,1.92,D,0.1,0.3,flegrei,earthquake,Bollettino
19326,2016-03-21 23:05:54.39,40.823002,14.13,1.8,D,0.2,0.3,flegrei,earthquake,Bollettino
19325,2016-03-24 10:59:36.67,40.820671,14.1395,1.68,D,0.5,0.3,flegrei,earthquake,Bollettino
19324,2016-03-24 10:59:51.36,40.82333,14.1395,1.29,D,0.5,0.3,flegrei,earthquake,Bollettino
19323,2016-03-24 11:03:04.88,40.82317,14.13583,1.87,D,0.6,0.3,flegrei,earthquake,Bollettino
19322,2016-03-29 12:57:04.48,40.82267,14.14267,0.64,D,-0.3,0.3,flegrei,earthquake,Bollettino
19321,2016-04-04 09:04:41.23,,,,D,-1.1,0.3,flegrei,earthquake,Bollettino
19320,2016-04-04 16:39:11.69,,,,D,-0.8,0.3,flegrei,earthquake,Bollettino
19319,2016-04-08 16:34:03.82,,,,D,-0.5,0.3,flegrei,earthquake,Bollettino
19318,2016-04-08 16:43:47.67,,,,D,-0.5,0.3,flegrei,earthquake,Bollettino
19317,2016-04-08 17:13:00.6,,,,D,-0.8,0.3,flegrei,earthquake,Bollettino
19316,2016-04-09 04:18:45.55,,,,D,-0.3,0.3,flegrei,earthquake,Bollettino
19315,2016-04-09 07:51:34.43,40.825329,14.135,1.69,D,0.1,0.3,flegrei,earthquake,Bollettino
19314,2016-04-20 08:42:16.18,,,,D,-1.1,0.3,flegrei,earthquake,Bollettino
19313,2016-04-20 08:42:24.61,40.82333,14.14383,0.4,D,-0.3,0.3,flegrei,earthquake,Bollettino
19312,2016-04-20 08:44:04.63,,,,D,-1.1,0.3,flegrei,earthquake,Bollettino
19311,2016-04-20 08:44:22.97,40.82233,14.14333,0.15,D,-0.3,0.3,flegrei,earthquake,Bollettino
19309,2016-04-26 02:09:38.24,,,,,,,flegrei,earthquake,Bollettino
19310,2016-04-26 02:09:38.85,40.820499,14.1425,1.03,D,-1.1,0.3,flegrei,earthquake,Bollettino
19308,2016-04-26 02:09:42,40.824669,14.14267,0.63,D,-0.3,0.3,flegrei,earthquake,Bollettino
19307,2016-04-26 02:10:07.21,40.827999,14.14133,0.98,D,0.1,0.3,flegrei,earthquake,Bollettino
19306,2016-04-26 04:42:45.3,40.821999,14.14383,0.15,D,-0.3,0.3,flegrei,earthquake,Bollettino
19305,2016-04-28 23:15:29.55,,,,D,-1.1,0.3,flegrei,earthquake,Bollettino
19304,2016-04-28 23:20:09.85,,,,D,-0.8,0.3,flegrei,earthquake,Bollettino
19303,2016-04-28 23:20:14.12,,,,D,-1.1,0.3,flegrei,earthquake,Bollettino
19302,2016-04-28 23:20:24.29,,,,D,-1.6,0.3,flegrei,earthquake,Bollettino
19301,2016-04-28 23:20:47.53,,,,D,-1.1,0.3,flegrei,earthquake,Bollettino
19300,2016-04-28 23:20:51.97,40.82233,14.14433,0.27,D,-0.3,0.3,flegrei,earthquake,Bollettino
19299,2016-04-28 23:21:19.57,40.82267,14.14383,0.46,D,-1.6,0.3,flegrei,earthquake,Bollettino
19298,2016-04-28 23:21:22.12,40.823669,14.14383,0.57,D,-0.8,0.3,flegrei,earthquake,Bollettino
19297,2016-04-28 23:21:33.01,40.821999,14.1435,0.14,D,-0.8,0.3,flegrei,earthquake,Bollettino
19296,2016-04-28 23:22:11.13,,,,D,-1.6,0.3,flegrei,earthquake,Bollettino
19295,2016-04-28 23:22:20.03,,,,D,-1.6,0.3,flegrei,earthquake,Bollettino
19294,2016-04-28 23:22:24.4,,,,D,-1.6,0.3,flegrei,earthquake,Bollettino
19293,2016-04-28 23:22:30.23,,,,D,-1.1,0.3,flegrei,earthquake,Bollettino
19292,2016-04-28 23:22:42.46,,,,D,-1.1,0.3,flegrei,earthquake,Bollettino
19291,2016-04-28 23:43:05.92,,,,D,-0.8,0.3,flegrei,earthquake,Bollettino
19290,2016-05-02 12:24:34.85,,,,D,-0.8,0.3,flegrei,earthquake,Bollettino
19289,2016-05-02 12:24:40.36,,,,D,-0.8,0.3,flegrei,earthquake,Bollettino
19288,2016-05-02 12:24:47.57,,,,D,-0.8,0.3,flegrei,earthquake,Bollettino
19287,2016-05-02 12:25:54.15,,,,D,-0.8,0.3,flegrei,earthquake,Bollettino
19286,2016-05-02 12:26:04.96,40.821999,14.13033,1.83,D,-0.5,0.3,flegrei,earthquake,Bollettino
19285,2016-05-02 12:49:41.98,40.821999,14.131,1.82,D,-0.1,0.3,flegrei,earthquake,Bollettino
19284,2016-05-03 21:14:25.47,40.826328,14.13817,1.78,D,0.6,0.3,flegrei,earthquake,Bollettino
19283,2016-05-04 13:02:12.33,40.82283,14.1335,2.2,D,-0.5,0.3,flegrei,earthquake,Bollettino
19282,2016-05-04 13:06:11.84,,,,D,-0.8,0.3,flegrei,earthquake,Bollettino
19281,2016-05-04 18:48:21.54,,,,D,-1.1,0.3,flegrei,earthquake,Bollettino
19280,2016-05-05 03:32:08.64,,,,D,-0.8,0.3,flegrei,earthquake,Bollettino
19279,2016-05-05 03:33:28.09,40.823669,14.13417,1.8,D,-0.1,0.3,flegrei,earthquake,Bollettino
19278,2016-05-05 05:53:35.02,,,,D,-1.1,0.3,flegrei,earthquake,Bollettino
19277,2016-05-06 01:47:39.24,,,,D,-0.8,0.3,flegrei,earthquake,Bollettino
19276,2016-05-06 01:47:44.81,,,,D,-1.1,0.3,flegrei,earthquake,Bollettino
19275,2016-05-06 01:48:24.55,,,,D,-1.1,0.3,flegrei,earthquake,Bollettino
19274,2016-05-06 01:48:27.11,,,,D,-1.1,0.3,flegrei,earthquake,Bollettino
19273,2016-05-06 01:51:09.01,,,,D,-1.1,0.3,flegrei,earthquake,Bollettino
19272,2016-05-06 06:14:03.5,,,,D,-1.1,0.3,flegrei,earthquake,Bollettino
19271,2016-05-06 19:33:45.12,40.824169,14.14267,0.9,D,-0.3,0.3,flegrei,earthquake,Bollettino
19268,2016-05-07 06:56:37.66,40.831329,14.142,1.57,D,-0.1,0.3,flegrei,earthquake,Bollettino
19267,2016-05-18 00:11:46.71,40.828671,14.14317,1.29,D,0.6,0.3,flegrei,earthquake,Bollettino
19265,2016-05-18 23:07:38.03,,,,D,-0.5,0.3,flegrei,earthquake,Bollettino
19264,2016-05-18 23:08:49.18,,,,D,-1.1,0.3,flegrei,earthquake,Bollettino
19263,2016-05-18 23:09:21.43,40.828171,14.14783,1.71,D,0.1,0.3,flegrei,earthquake,Bollettino
19262,2016-05-18 23:09:33.91,,,,D,-0.8,0.3,flegrei,earthquake,Bollettino
19261,2016-05-18 23:16:27.96,40.827671,14.14717,1.65,D,-0.3,0.3,flegrei,earthquake,Bollettino
19258,2016-05-21 08:44:56.92,40.824329,14.14217,0.88,D,-0.1,0.3,flegrei,earthquake,Bollettino
19257,2016-05-22 01:24:24.12,,,,D,-0.8,0.3,flegrei,earthquake,Bollettino
19256,2016-05-24 00:33:22.95,,,,D,-0.1,0.3,flegrei,earthquake,Bollettino
19255,2016-05-24 00:33:36.62,,,,D,-0.1,0.3,flegrei,earthquake,Bollettino
19254,2016-05-24 00:43:36.64,,,,D,0.2,0.3,flegrei,earthquake,Bollettino
19252,2016-05-27 08:58:17.78,,,,D,-0.5,0.3,flegrei,earthquake,Bollettino
19251,2016-05-27 08:59:29.31,,,,D,-1.1,0.3,flegrei,earthquake,Bollettino
19250,2016-05-27 11:04:16.36,,,,D,-0.8,0.3,flegrei,earthquake,Bollettino
19249,2016-05-27 13:41:40.57,,,,D,-0.8,0.3,flegrei,earthquake,Bollettino
19248,2016-05-27 15:39:17.95,40.827332,14.14017,1.26,D,-0.3,0.3,flegrei,earthquake,Bollettino
19247,2016-05-27 15:44:44.99,40.826328,14.14283,1.56,D,-0.1,0.3,flegrei,earthquake,Bollettino
19246,2016-05-30 20:40:05.07,40.8265,14.12533,1.41,D,-0.3,0.3,flegrei,earthquake,Bollettino
19245,2016-06-03 19:08:49.19,,,,D,-0.1,0.3,flegrei,earthquake,Bollettino
19244,2016-06-03 19:09:46.18,40.820332,14.135,1.34,D,0.4,0.3,flegrei,earthquake,Bollettino
19243,2016-06-03 19:13:11.36,,,,D,-0.8,0.3,flegrei,earthquake,Bollettino
19242,2016-06-03 21:44:17.46,40.82267,14.13083,1.11,D,0.8,0.3,flegrei,earthquake,Bollettino
19241,2016-06-03 22:50:06.46,,,,D,0.1,0.3,flegrei,earthquake,Bollettino
19240,2016-06-04 02:18:59.84,,,,D,-0.1,0.3,flegrei,earthquake,Bollettino
4211,2016-06-04 02:38:52.99,40.821671,14.13417,2.27,D,1.5,0.3,flegrei,earthquake,Bollettino
4210,2016-06-04 02:45:58.83,40.824169,14.13133,2.12,D,1.6,0.3,flegrei,earthquake,Bollettino
19239,2016-06-04 03:27:34.96,,,,D,-0.8,0.3,flegrei,earthquake,Bollettino
19238,2016-06-04 03:50:32.89,,,,D,0.1,0.3,flegrei,earthquake,Bollettino
19237,2016-06-04 04:26:13.72,40.82217,14.13233,1.4,D,0.2,0.3,flegrei,earthquake,Bollettino
19236,2016-06-04 14:14:03.86,,,,D,-0.1,0.3,flegrei,earthquake,Bollettino
19235,2016-06-10 08:32:32.18,40.806171,14.099,4.08,D,0.5,0.3,flegrei,earthquake,Bollettino
19234,2016-06-14 12:36:59.72,40.825161,14.14633,0.83,D,-0.3,0.3,flegrei,earthquake,Bollettino
19233,2016-06-20 21:08:52.2,40.826328,14.14417,0.84,D,-1.1,0.3,flegrei,earthquake,Bollettino
19232,2016-06-24 21:53:29.8,,,,,,,flegrei,earthquake,Bollettino
19231,2016-06-24 21:53:32.84,40.831501,14.14017,1.11,D,-0.1,0.3,flegrei,earthquake,Bollettino
19230,2016-06-24 21:53:41.16,,,,,,,flegrei,earthquake,Bollettino
19229,2016-06-24 21:53:43.04,40.828331,14.145,1.74,D,-0.3,0.3,flegrei,earthquake,Bollettino
19228,2016-06-24 21:53:52.83,,,,D,-1.1,0.3,flegrei,earthquake,Bollettino
19227,2016-06-27 19:58:17.39,40.825668,14.13,1.12,D,-0.5,0.3,flegrei,earthquake,Bollettino
19226,2016-06-30 18:43:57.42,,,,D,-0.8,0.3,flegrei,earthquake,Bollettino
19225,2016-06-30 18:44:05.19,,,,D,-1.1,0.3,flegrei,earthquake,Bollettino
19224,2016-06-30 18:44:10.59,,,,,,,flegrei,earthquake,Bollettino
19223,2016-06-30 18:44:11.83,,,,,,,flegrei,earthquake,Bollettino
19222,2016-06-30 18:44:16.06,,,,,,,flegrei,earthquake,Bollettino
19221,2016-06-30 18:44:17.22,40.824501,14.1425,0.46,D,-0.3,0.3,flegrei,earthquake,Bollettino
19220,2016-06-30 18:46:02.72,40.82267,14.14617,0.82,D,-0.8,0.3,flegrei,earthquake,Bollettino
19219,2016-07-03 00:06:44.99,,,,D,-0.8,0.3,flegrei,earthquake,Bollettino
19218,2016-07-03 00:06:57.41,,,,D,-1.1,0.3,flegrei,earthquake,Bollettino
19217,2016-07-03 00:07:31.34,,,,,,,flegrei,earthquake,Bollettino
19216,2016-07-03 00:23:41.84,40.824829,14.11633,1.76,D,0.1,0.3,flegrei,earthquake,Bollettino
19215,2016-07-03 00:24:28.68,,,,,,,flegrei,earthquake,Bollettino
19214,2016-07-03 00:24:29.81,,,,,,,flegrei,earthquake,Bollettino
19213,2016-07-03 00:24:37.02,,,,D,-0.8,0.3,flegrei,earthquake,Bollettino
19212,2016-07-03 00:24:48.59,,,,D,-0.8,0.3,flegrei,earthquake,Bollettino
19211,2016-07-03 00:25:51.07,40.824829,14.1165,1.69,D,0.1,0.3,flegrei,earthquake,Bollettino
19210,2016-07-03 00:26:50.81,,,,D,-1.1,0.3,flegrei,earthquake,Bollettino
19209,2016-07-03 00:30:08.8,40.82283,14.1165,1.53,D,-0.3,0.3,flegrei,earthquake,Bollettino
19208,2016-07-03 00:36:54.82,,,,D,-1.1,0.3,flegrei,earthquake,Bollettino
19207,2016-07-03 00:54:30.02,,,,D,-1.1,0.3,flegrei,earthquake,Bollettino
19206,2016-07-03 00:54:36.43,,,,D,-0.8,0.3,flegrei,earthquake,Bollettino
19205,2016-07-03 02:34:12.91,40.826172,14.117,1.78,D,0.8,0.3,flegrei,earthquake,Bollettino
19204,2016-07-03 02:38:31.51,,,,D,-1.6,0.3,flegrei,earthquake,Bollettino
19203,2016-07-03 02:38:40.36,,,,D,-0.8,0.3,flegrei,earthquake,Bollettino
19202,2016-07-03 02:38:47.51,,,,D,-0.8,0.3,flegrei,earthquake,Bollettino
19201,2016-07-03 02:42:54.82,40.82283,14.11433,1.51,D,0.1,0.3,flegrei,earthquake,Bollettino
19200,2016-07-03 02:43:25.52,,,,D,-1.1,0.3,flegrei,earthquake,Bollettino
19199,2016-07-03 02:43:32.16,,,,D,-1.6,0.3,flegrei,earthquake,Bollettino
19198,2016-07-03 02:44:38.11,40.82283,14.11583,1.55,D,-0.8,0.3,flegrei,earthquake,Bollettino
19197,2016-07-03 02:45:00.24,,,,D,-0.1,0.3,flegrei,earthquake,Bollettino
19196,2016-07-03 02:45:20.68,,,,,,,flegrei,earthquake,Bollettino
19195,2016-07-03 02:45:22.01,,,,D,-1.1,0.3,flegrei,earthquake,Bollettino
19194,2016-07-03 02:45:34.83,,,,D,-0.8,0.3,flegrei,earthquake,Bollettino
19193,2016-07-03 02:45:38.97,,,,D,-1.6,0.3,flegrei,earthquake,Bollettino
19192,2016-07-03 02:45:47.66,,,,D,-1.1,0.3,flegrei,earthquake,Bollettino
19191,2016-07-03 02:45:55.44,,,,D,-1.6,0.3,flegrei,earthquake,Bollettino
19190,2016-07-03 02:46:26.96,40.8265,14.12033,1.67,D,0.7,0.3,flegrei,earthquake,Bollettino
19189,2016-07-03 02:47:59.19,,,,D,-1.1,0.3,flegrei,earthquake,Bollettino
19188,2016-07-03 02:48:02.49,,,,D,-0.8,0.3,flegrei,earthquake,Bollettino
19187,2016-07-03 02:48:29.77,,,,D,-1.1,0.3,flegrei,earthquake,Bollettino
19186,2016-07-03 02:50:32.23,,,,,,,flegrei,earthquake,Bollettino
19185,2016-07-03 02:50:32.61,,,,,,,flegrei,earthquake,Bollettino
19184,2016-07-03 02:50:37.04,,,,D,-1.1,0.3,flegrei,earthquake,Bollettino
19183,2016-07-03 02:51:03.13,,,,D,-1.1,0.3,flegrei,earthquake,Bollettino
19182,2016-07-03 02:51:30.88,,,,,,,flegrei,earthquake,Bollettino
19181,2016-07-03 02:51:31.72,,,,D,-1.1,0.3,flegrei,earthquake,Bollettino
19180,2016-07-03 03:12:04.21,40.826172,14.11517,1.24,D,0.2,0.3,flegrei,earthquake,Bollettino
19179,2016-07-03 03:12:42.47,,,,D,-1.6,0.3,flegrei,earthquake,Bollettino
19178,2016-07-03 03:20:28.23,,,,,,,flegrei,earthquake,Bollettino
19177,2016-07-03 03:20:28.74,,,,D,-1.1,0.3,flegrei,earthquake,Bollettino
19176,2016-07-03 03:56:31.99,,,,D,-1.1,0.3,flegrei,earthquake,Bollettino
19175,2016-07-03 05:12:31.97,,,,D,-1.1,0.3,flegrei,earthquake,Bollettino
19174,2016-07-03 05:20:41.68,40.825329,14.11583,1.81,D,0.2,0.3,flegrei,earthquake,Bollettino
19173,2016-07-03 10:40:51.32,,,,D,-0.5,0.3,flegrei,earthquake,Bollettino
4201,2016-07-05 01:22:39.73,40.827499,14.13717,2.17,D,2.1,0.3,flegrei,earthquake,Bollettino
19172,2016-07-05 02:33:02.66,40.825668,14.13217,2.21,D,0.5,0.3,flegrei,earthquake,Bollettino
19171,2016-07-05 13:50:33.71,40.827171,14.13117,1.51,D,-0.1,0.3,flegrei,earthquake,Bollettino
19170,2016-07-05 21:21:21.18,40.827,14.1315,1.23,D,-0.8,0.3,flegrei,earthquake,Bollettino
19169,2016-07-05 21:21:59.06,,,,D,-1.1,0.3,flegrei,earthquake,Bollettino
19168,2016-07-05 21:22:04.38,,,,D,-0.8,0.3,flegrei,earthquake,Bollettino
19167,2016-07-05 21:22:10.36,,,,D,-0.8,0.3,flegrei,earthquake,Bollettino
19166,2016-07-05 21:24:49.9,40.82933,14.1315,1.56,D,-0.3,0.3,flegrei,earthquake,Bollettino
19165,2016-07-06 12:19:05.52,40.845501,14.11667,2.43,D,0.2,0.3,flegrei,earthquake,Bollettino
19164,2016-07-06 12:42:52.11,40.821331,14.14483,1.16,D,-1.1,0.3,flegrei,earthquake,Bollettino
19163,2016-07-06 12:42:57.34,40.823502,14.14233,0.7,D,-0.8,0.3,flegrei,earthquake,Bollettino
19162,2016-07-06 12:43:01.82,,,,D,-0.8,0.3,flegrei,earthquake,Bollettino
19161,2016-07-06 13:25:00.69,40.82383,14.14567,0.88,D,0.6,0.3,flegrei,earthquake,Bollettino
19160,2016-07-06 22:04:43.02,,,,D,-0.5,0.3,flegrei,earthquake,Bollettino
19159,2016-07-07 02:14:16.18,,,,,,,flegrei,earthquake,Bollettino
19158,2016-07-07 02:14:18.8,,,,D,-0.1,0.3,flegrei,earthquake,Bollettino
19157,2016-07-08 20:49:16.75,40.828831,14.14517,1.38,D,-0.3,0.3,flegrei,earthquake,Bollettino
19155,2016-07-12 04:27:48.21,40.827839,14.1355,1.16,D,0.1,0.3,flegrei,earthquake,Bollettino
19154,2016-07-13 02:51:36.25,,,,,,,flegrei,earthquake,Bollettino
19153,2016-07-13 12:25:17.11,,,,D,-0.1,0.3,flegrei,earthquake,Bollettino
19152,2016-07-14 00:39:01.47,40.826832,14.12983,1.43,D,-0.3,0.3,flegrei,earthquake,Bollettino
19151,2016-07-15 15:24:35.76,40.826172,14.1415,1.12,D,0.2,0.3,flegrei,earthquake,Bollettino
19150,2016-07-18 08:16:44.1,,,,D,-0.8,0.3,flegrei,earthquake,Bollettino
19149,2016-07-18 08:37:09.97,40.821671,14.1365,1.89,D,-0.3,0.3,flegrei,earthquake,Bollettino
19147,2016-07-21 07:20:50.38,,,,D,-1.6,0.3,flegrei,earthquake,Bollettino
19146,2016-07-21 07:21:13.43,,,,D,-1.1,0.3,flegrei,earthquake,Bollettino
19145,2016-07-21 07:21:23.12,40.827171,14.14117,0.97,D,-0.3,0.3,flegrei,earthquake,Bollettino
19144,2016-07-21 07:21:50.53,,,,D,-1.6,0.3,flegrei,earthquake,Bollettino
19143,2016-07-21 07:22:09.76,,,,D,-1.1,0.3,flegrei,earthquake,Bollettino
19142,2016-07-21 07:22:21.34,40.824501,14.14433,0.7,D,-1.1,0.3,flegrei,earthquake,Bollettino
19141,2016-07-21 07:22:24.18,40.825001,14.14417,0.78,D,-0.3,0.3,flegrei,earthquake,Bollettino
19140,2016-07-21 07:24:19.12,,,,D,-1.6,0.3,flegrei,earthquake,Bollettino
19139,2016-07-21 07:24:40.92,40.82383,14.147,0.97,D,-0.8,0.3,flegrei,earthquake,Bollettino
19138,2016-07-21 07:25:20.91,,,,D,-1.6,0.3,flegrei,earthquake,Bollettino
19137,2016-07-21 07:25:32.09,40.824829,14.14633,0.76,D,-1.1,0.3,flegrei,earthquake,Bollettino
19136,2016-07-23 05:01:48.64,40.827499,14.14483,1.19,D,-0.3,0.3,flegrei,earthquake,Bollettino
19135,2016-07-23 05:14:36.24,40.828331,14.14017,1.2,D,-0.1,0.3,flegrei,earthquake,Bollettino
19133,2016-07-26 07:35:00.38,,,,D,-1.1,0.3,flegrei,earthquake,Bollettino
19132,2016-07-28 16:37:04.58,,,,,,,flegrei,earthquake,Bollettino
19131,2016-07-28 16:37:07.65,40.842331,14.11867,1.5,D,0.7,0.3,flegrei,earthquake,Bollettino
19130,2016-07-31 22:38:41.92,40.82283,14.12433,1.74,D,-0.5,0.3,flegrei,earthquake,Bollettino
19129,2016-08-05 17:05:44.53,40.813332,14.14133,2.27,D,-0.3,0.3,flegrei,earthquake,Bollettino
19128,2016-08-05 17:43:10.69,40.813839,14.1415,2.66,D,0.4,0.3,flegrei,earthquake,Bollettino
19127,2016-08-06 00:38:07.32,40.81583,14.142,2.65,D,-0.1,0.3,flegrei,earthquake,Bollettino
19126,2016-08-08 00:08:46.84,,,,D,-0.8,0.3,flegrei,earthquake,Bollettino
19125,2016-08-08 00:08:52.95,40.82267,14.14667,1.28,D,-0.5,0.3,flegrei,earthquake,Bollettino
19124,2016-08-08 00:09:14.75,40.825329,14.14867,1.59,D,-0.1,0.3,flegrei,earthquake,Bollettino
19123,2016-08-08 00:09:36.46,40.826832,14.144,1.32,D,-0.5,0.3,flegrei,earthquake,Bollettino
19122,2016-08-14 00:57:09.96,40.818829,14.175,2.86,D,0.7,0.3,flegrei,earthquake,Bollettino
19121,2016-08-15 04:28:46.25,,,,D,-1.1,0.3,flegrei,earthquake,Bollettino
19120,2016-08-15 04:28:54.74,40.820499,14.12217,0.75,D,-0.1,0.3,flegrei,earthquake,Bollettino
19119,2016-08-15 04:43:07.18,40.820332,14.12033,0.78,D,0.4,0.3,flegrei,earthquake,Bollettino
19118,2016-08-16 01:51:32.25,40.818329,14.12033,0.66,D,-0.8,0.3,flegrei,earthquake,Bollettino
19117,2016-08-16 01:51:53.14,40.820671,14.1245,0.83,D,-0.1,0.3,flegrei,earthquake,Bollettino
19116,2016-08-17 04:36:27.18,40.82283,14.12233,0.87,D,0.1,0.3,flegrei,earthquake,Bollettino
19115,2016-08-21 11:40:23.27,40.82283,14.12033,0.55,D,-1.1,0.3,flegrei,earthquake,Bollettino
4200,2016-08-23 02:00:46.7,40.821499,14.137,0.89,D,1.5,0.3,flegrei,earthquake,Bollettino
19114,2016-08-23 02:07:58.94,,,,D,-0.3,0.3,flegrei,earthquake,Bollettino
19113,2016-08-23 02:14:03.85,,,,D,-1.1,0.3,flegrei,earthquake,Bollettino
19112,2016-08-23 02:14:52.56,,,,D,-0.8,0.3,flegrei,earthquake,Bollettino
4199,2016-08-23 02:15:00.5,40.821499,14.138,1.61,D,1.4,0.3,flegrei,earthquake,Bollettino
19111,2016-08-23 02:15:27.25,,,,D,0.1,0.3,flegrei,earthquake,Bollettino
4198,2016-08-23 02:16:37.38,40.820332,14.13783,1.23,D,1.1,0.3,flegrei,earthquake,Bollettino
19110,2016-08-23 02:17:04.14,,,,,,,flegrei,earthquake,Bollettino
19109,2016-08-23 02:17:09.13,,,,D,0.2,0.3,flegrei,earthquake,Bollettino
19108,2016-08-23 02:20:12.69,,,,D,0.1,0.3,flegrei,earthquake,Bollettino
19107,2016-08-23 02:21:34.04,40.821999,14.13817,1.29,D,0.9,0.3,flegrei,earthquake,Bollettino
4197,2016-08-23 02:22:57.2,40.820332,14.1395,1.57,D,1.5,0.3,flegrei,earthquake,Bollettino
19106,2016-08-23 02:23:30.1,,,,D,0.2,0.3,flegrei,earthquake,Bollettino
19105,2016-08-23 03:06:34.36,,,,D,0.1,0.3,flegrei,earthquake,Bollettino
19104,2016-08-23 03:06:49.35,40.821331,14.13983,1.67,D,1.1,0.3,flegrei,earthquake,Bollettino
19103,2016-08-23 03:08:42.87,,,,D,-0.3,0.3,flegrei,earthquake,Bollettino
19102,2016-08-23 03:38:03.27,,,,D,-0.5,0.3,flegrei,earthquake,Bollettino
19101,2016-08-24 03:07:07.43,40.818829,14.13717,0.59,D,-0.5,0.3,flegrei,earthquake,Bollettino
19100,2016-08-24 03:07:25.6,40.820839,14.13633,0.81,D,0.4,0.3,flegrei,earthquake,Bollettino
19099,2016-08-29 14:22:33.53,,,,D,-0.1,0.3,flegrei,earthquake,Bollettino
19098,2016-08-29 14:24:13.1,,,,D,-1.6,0.3,flegrei,earthquake,Bollettino
19097,2016-08-29 14:56:41.79,,,,D,-0.8,0.3,flegrei,earthquake,Bollettino
19096,2016-08-29 15:02:48.1,,,,D,-1.1,0.3,flegrei,earthquake,Bollettino
19095,2016-08-29 15:03:15.21,,,,D,-0.5,0.3,flegrei,earthquake,Bollettino
19094,2016-08-29 15:11:05.1,,,,D,-0.8,0.3,flegrei,earthquake,Bollettino
19093,2016-08-29 15:18:57.91,,,,D,-0.3,0.3,flegrei,earthquake,Bollettino
19092,2016-08-29 15:22:36.44,,,,D,-0.8,0.3,flegrei,earthquake,Bollettino
19091,2016-08-29 15:22:48.09,40.825001,14.14533,1.97,D,-0.1,0.3,flegrei,earthquake,Bollettino
19090,2016-08-29 15:24:41.8,,,,D,-0.5,0.3,flegrei,earthquake,Bollettino
19089,2016-08-29 15:25:00.29,,,,,,,flegrei,earthquake,Bollettino
19088,2016-08-29 15:25:22.42,40.82383,14.14417,1.78,D,0.1,0.3,flegrei,earthquake,Bollettino
19087,2016-08-29 15:26:10.51,,,,,,,flegrei,earthquake,Bollettino
19086,2016-08-29 15:26:23.05,,,,D,-0.1,0.3,flegrei,earthquake,Bollettino
19085,2016-08-29 15:26:41.07,,,,D,-0.8,0.3,flegrei,earthquake,Bollettino
19084,2016-08-29 15:29:24.07,,,,D,0.1,0.3,flegrei,earthquake,Bollettino
19083,2016-08-29 15:30:20.39,40.826328,14.14483,1.81,D,0.4,0.3,flegrei,earthquake,Bollettino
19082,2016-08-29 15:30:40.08,,,,D,-0.1,0.3,flegrei,earthquake,Bollettino
19081,2016-08-29 15:31:15.3,40.823669,14.14867,2.03,D,0.7,0.3,flegrei,earthquake,Bollettino
19080,2016-08-29 15:33:18.76,40.826672,14.15017,2.24,D,0.7,0.3,flegrei,earthquake,Bollettino
19079,2016-08-29 15:33:59.86,40.826328,14.1445,1.83,D,0.6,0.3,flegrei,earthquake,Bollettino
19078,2016-08-29 15:34:46.15,,,,D,-0.5,0.3,flegrei,earthquake,Bollettino
19077,2016-08-29 15:35:05.04,,,,D,-1.1,0.3,flegrei,earthquake,Bollettino
19076,2016-08-29 15:35:14.28,40.823669,14.14767,2.25,D,0.1,0.3,flegrei,earthquake,Bollettino
19075,2016-08-29 15:35:26,40.8242,14.149,1.67,D,-0.1,0.3,flegrei,earthquake,Bollettino
19074,2016-08-29 15:37:07.24,,,,D,-0.5,0.3,flegrei,earthquake,Bollettino
19073,2016-08-29 15:37:22.35,40.824001,14.14867,1.7,D,0.5,0.3,flegrei,earthquake,Bollettino
19072,2016-08-29 15:38:30.45,40.825329,14.15167,1.8,D,-0.1,0.3,flegrei,earthquake,Bollettino
19071,2016-08-29 15:38:40.1,,,,D,-0.8,0.3,flegrei,earthquake,Bollettino
19069,2016-08-29 15:39:41.05,,,,D,0.9,0.3,flegrei,earthquake,Bollettino
19070,2016-08-29 15:39:41.05,,,,D,-1.6,0.3,flegrei,earthquake,Bollettino
19068,2016-08-29 15:39:49.6,,,,,,,flegrei,earthquake,Bollettino
19067,2016-08-29 15:41:44.13,40.827839,14.14567,1.72,D,-0.1,0.3,flegrei,earthquake,Bollettino
19065,2016-08-29 15:42:09.66,,,,D,-1.1,0.3,flegrei,earthquake,Bollettino
19066,2016-08-29 15:42:09.66,,,,,,,flegrei,earthquake,Bollettino
19064,2016-08-29 15:42:15.68,,,,D,-0.3,0.3,flegrei,earthquake,Bollettino
19063,2016-08-29 15:43:42.62,40.831329,14.14517,1.74,D,0.4,0.3,flegrei,earthquake,Bollettino
19062,2016-08-29 15:45:04.67,40.825668,14.15167,1.81,D,0.1,0.3,flegrei,earthquake,Bollettino
4196,2016-08-29 15:45:40.55,40.827999,14.153,1.86,D,1.7,0.3,flegrei,earthquake,Bollettino
19061,2016-08-29 15:46:22.62,40.826328,14.14667,1.73,D,0.6,0.3,flegrei,earthquake,Bollettino
19060,2016-08-29 15:51:12.35,40.824169,14.14183,1.57,D,0.2,0.3,flegrei,earthquake,Bollettino
19059,2016-08-29 16:00:01.03,40.825001,14.14533,1.78,D,-0.1,0.3,flegrei,earthquake,Bollettino
19058,2016-08-29 16:11:18.69,,,,D,-0.8,0.3,flegrei,earthquake,Bollettino
19057,2016-08-29 16:27:06.8,,,,,,,flegrei,earthquake,Bollettino
19056,2016-08-29 16:27:33.28,,,,,,,flegrei,earthquake,Bollettino
19055,2016-08-29 19:22:33.35,,,,D,-0.8,0.3,flegrei,earthquake,Bollettino
19054,2016-09-12 02:10:32.89,40.8335,14.14583,1.51,D,-0.1,0.3,flegrei,earthquake,Bollettino
19053,2016-09-14 03:41:31.21,40.824669,14.14417,1.45,D,0.4,0.3,flegrei,earthquake,Bollettino
19052,2016-09-18 01:53:11.83,,,,D,-0.8,0.3,flegrei,earthquake,Bollettino
19051,2016-09-18 01:53:16.46,,,,,,,flegrei,earthquake,Bollettino
19050,2016-09-18 01:53:18.02,40.826672,14.14367,0.77,D,0.1,0.3,flegrei,earthquake,Bollettino
19049,2016-09-23 00:02:13.2,40.823669,14.14383,0.59,D,-0.8,0.3,flegrei,earthquake,Bollettino
19048,2016-09-25 04:43:58.85,40.826172,14.13883,1.11,D,0.9,0.3,flegrei,earthquake,Bollettino
19047,2016-09-25 04:44:00.26,,,,D,-1.1,0.3,flegrei,earthquake,Bollettino
19046,2016-09-25 04:44:10.91,,,,D,-1.6,0.3,flegrei,earthquake,Bollettino
19045,2016-09-26 07:01:15.74,,,,D,-0.1,0.3,flegrei,earthquake,Bollettino
19044,2016-09-27 21:34:51.05,40.831501,14.14017,0.95,D,-1.1,0.3,flegrei,earthquake,Bollettino
19043,2016-09-27 21:48:23.96,40.828999,14.14017,1.6,D,-0.5,0.3,flegrei,earthquake,Bollettino
19042,2016-10-13 00:54:03.46,40.824669,14.14017,0.91,D,-0.3,0.3,flegrei,earthquake,Bollettino
19041,2016-10-16 05:12:47.32,,,,D,-0.5,0.3,flegrei,earthquake,Bollettino
19040,2016-10-19 10:54:13.45,40.824501,14.1415,0.86,D,0.8,0.3,flegrei,earthquake,Bollettino
19039,2016-10-22 05:14:49.86,40.826172,14.14267,1.13,D,0.6,0.3,flegrei,earthquake,Bollettino
19038,2016-10-30 06:52:46.26,40.819832,14.13133,1.08,D,-0.5,0.3,flegrei,earthquake,Bollettino
19037,2016-10-30 06:52:52.18,40.818001,14.13433,1.5,,,,flegrei,earthquake,Bollettino
19036,2016-10-30 06:53:06.6,,,,D,-1.1,0.3,flegrei,earthquake,Bollettino
19035,2016-10-30 06:54:32.5,40.821171,14.13267,1.48,D,0.5,0.3,flegrei,earthquake,Bollettino
19034,2016-10-30 06:54:44.97,40.821331,14.13,1.68,D,-0.1,0.3,flegrei,earthquake,Bollettino
4185,2016-10-30 06:56:53.71,40.820499,14.132,1.64,D,1.1,0.3,flegrei,earthquake,Bollettino
19033,2016-10-30 07:04:31.72,40.820332,14.13317,1.43,D,1.2,0.3,flegrei,earthquake,Bollettino
19032,2016-10-30 20:29:50.01,40.82283,14.13133,1.56,D,0.9,0.3,flegrei,earthquake,Bollettino
19031,2016-11-07 09:30:14.3,40.82967,14.14417,1.32,D,0.4,0.3,flegrei,earthquake,Bollettino
19030,2016-11-17 15:34:47.64,,,,,,,flegrei,earthquake,Bollettino
19029,2016-11-18 02:49:58.11,40.82217,14.14567,0.83,D,-0.3,0.3,flegrei,earthquake,Bollettino
19028,2016-12-06 04:17:33.78,40.823502,14.14333,0.62,D,-1.1,0.3,flegrei,earthquake,Bollettino
19027,2016-12-06 04:18:22.03,40.824001,14.14067,1.01,D,-0.3,0.3,flegrei,earthquake,Bollettino
19026,2016-12-06 04:20:44.28,40.82267,14.147,0.61,D,-0.5,0.3,flegrei,earthquake,Bollettino
19025,2016-12-08 16:51:03.85,40.825161,14.145,1.64,D,-0.5,0.3,flegrei,earthquake,Bollettino
19024,2016-12-15 08:12:00,40.828171,14.14167,0.75,D,-0.8,0.3,flegrei,earthquake,Bollettino
